<eml:eml xmlns:eml="eml://ecoinformatics.org/eml-2.1.1"
         xmlns:xsi="http://www.w3.org/2001/XMLSchema-instance"
         xsi:schemaLocation="eml://ecoinformatics.org/eml-2.1.1 http://rs.gbif.org/schema/eml-gbif-profile/1.0.2/eml.xsd"
         packageId="10.15468/dl.uzrxjf"  system="http://gbif.org" scope="system"
         xml:lang="en">

<dataset>
    <alternateIdentifier>0006693-160118175350007</alternateIdentifier>
  <title>GBIF Occurrence Download 10.15468/dl.uzrxjf</title>
<creator>
    <individualName>
      <surName>GBIF Download Service</surName>
    </individualName>
<electronicMailAddress>support@gbif.org</electronicMailAddress></creator>
<metadataProvider>
    <individualName>
      <surName>GBIF Download Service</surName>
    </individualName>
<electronicMailAddress>support@gbif.org</electronicMailAddress></metadataProvider>
<associatedParty>
<organizationName>OZCAM (Online Zoological Collections of Australian Museums) Provider</organizationName><onlineUrl>http://www.ozcam.org.au/</onlineUrl>    <role>CONTENT_PROVIDER</role>
</associatedParty>
<associatedParty>
    <individualName>
<givenName>Anders</givenName>      <surName>Telenius</surName>
    </individualName>
<organizationName>Swedish Museum of Natural History</organizationName><positionName>Node manager</positionName>    <address>
<city>Stockholm</city><country>SWEDEN</country>    </address>
<electronicMailAddress>anders.telenius@nrm.se</electronicMailAddress>    <role>CONTENT_PROVIDER</role>
</associatedParty>
<associatedParty>
    <individualName>
<givenName>Juan Manuel</givenName>      <surName>Villares</surName>
    </individualName>
<organizationName>Servicio de Vida Silvestre. Área de Acciones de Conservación. Subdirección General de Medio Natural. Dirección General de Calidad y Evaluación Ambiental y Medio Natural. Ministerio de Agricultura, Alimentación y Medio Ambiente</organizationName>    <address>
<deliveryPoint>Ministerio de Medio Ambiente y Medio Rural y Marino. C/ Rios Rosas 24, 3ª planta</deliveryPoint><city>Madrid</city><administrativeArea>Madrid</administrativeArea><postalCode>28003</postalCode><country>SPAIN</country>    </address>
<electronicMailAddress>jmvillares@magrama.es</electronicMailAddress>    <role>CONTENT_PROVIDER</role>
</associatedParty>
<associatedParty>
<electronicMailAddress>xfont@ub.edu</electronicMailAddress>    <role>CONTENT_PROVIDER</role>
</associatedParty>
<associatedParty>
    <individualName>
<givenName>Jeroen</givenName>      <surName>Creuwels</surName>
    </individualName>
<organizationName>Naturalis Biodiversity Center</organizationName><positionName>Data manager</positionName>    <address>
<deliveryPoint>PO Box 9517</deliveryPoint><city>Leiden</city><administrativeArea>Zuid Holland</administrativeArea><postalCode>NL-2300 RA</postalCode><country>NETHERLANDS</country>    </address>
<phone>+31.71.7519600</phone><electronicMailAddress>informatiemanagement@naturalis.nl</electronicMailAddress><onlineUrl>http://science.naturalis.nl</onlineUrl>    <role>CONTENT_PROVIDER</role>
</associatedParty>
<associatedParty>
    <individualName>
<givenName>Francesc</givenName>      <surName>Uribe</surName>
    </individualName>
<organizationName>Museu de Ciències Naturals de Barcelona</organizationName><positionName>Curator, non-arthropod invertebrates collections</positionName>    <address>
<deliveryPoint>P. Picasso s/n</deliveryPoint><city>Barcelona</city><administrativeArea>Barcelona</administrativeArea><postalCode>08003</postalCode><country>SPAIN</country>    </address>
<electronicMailAddress>francescjup@gmail.com</electronicMailAddress><onlineUrl>http://museuciencies.cat/en/area-cientifica/departaments-cientifics/invertebrats-no-artopodes/</onlineUrl>    <role>CONTENT_PROVIDER</role>
</associatedParty>
<associatedParty>
    <individualName>
<givenName>Mark</givenName>      <surName>Robbins</surName>
    </individualName>
<organizationName>KU Biodiversity Institute</organizationName><positionName>Collection Manager</positionName>    <address>
<deliveryPoint>Dyche Hall, 1345 Jayhawk Blvd.</deliveryPoint><city>Lawrence</city><administrativeArea>KS</administrativeArea><postalCode>66045</postalCode><country>UNITED_STATES</country>    </address>
<phone>+01 785 864 3657</phone><electronicMailAddress>mrobbins@ku.edu</electronicMailAddress><onlineUrl>http://ornithology.biodiversity.ku.edu/</onlineUrl>    <role>CONTENT_PROVIDER</role>
</associatedParty>
<associatedParty>
    <individualName>
<givenName>Ben</givenName>      <surName>Norton</surName>
    </individualName>
<organizationName>North Carolina Museum of Natural Sciences</organizationName><positionName>Collections Data Curator</positionName>    <address>
<deliveryPoint>11 West Jones St</deliveryPoint><city>Raleigh</city><administrativeArea>NC</administrativeArea><postalCode>27601</postalCode><country>UNITED_STATES</country>    </address>
<phone>919-707-9947</phone><electronicMailAddress>ben.norton@naturalsciences.org</electronicMailAddress>    <role>CONTENT_PROVIDER</role>
</associatedParty>
<associatedParty>
    <individualName>
<givenName>Laura</givenName>      <surName>Abraczinskas</surName>
    </individualName>
<organizationName>Michigan State University Museum</organizationName><positionName>Collections Manager</positionName>    <address>
<deliveryPoint>409 West Circle Drive</deliveryPoint><city>East Lansing</city><administrativeArea>MI</administrativeArea><postalCode>48824</postalCode><country>UNITED_STATES</country>    </address>
<phone>+01 517-355-1290</phone><electronicMailAddress>abraczi1@msu.edu</electronicMailAddress><onlineUrl>http://museum.msu.edu/</onlineUrl>    <role>CONTENT_PROVIDER</role>
</associatedParty>
<associatedParty>
<organizationName>European Bioinformatics Institute (EMBL-EBI)</organizationName><electronicMailAddress>datasubs@ebi.ac.uk</electronicMailAddress><onlineUrl>http://www.ebi.ac.uk</onlineUrl>    <role>CONTENT_PROVIDER</role>
</associatedParty>
<associatedParty>
    <individualName>
<givenName>Edwin</givenName>      <surName>Scholes III, Ph.D.</surName>
    </individualName>
<organizationName>Macaulay Library</organizationName><positionName>Curator of Video</positionName>    <address>
<deliveryPoint>Cornell Lab of Ornithology - 159 Sapsucker Woods Road</deliveryPoint><city>Ithaca</city><administrativeArea>NY</administrativeArea><postalCode>14850</postalCode><country>UNITED_STATES</country>    </address>
<phone>+1 607-254-1115</phone><electronicMailAddress>edwin.scholes@cornell.edu</electronicMailAddress><onlineUrl>http://macaulaylibrary.org/</onlineUrl>    <role>CONTENT_PROVIDER</role>
</associatedParty>
<associatedParty>
    <individualName>
<givenName>Larry</givenName>      <surName>Gall</surName>
    </individualName>
<organizationName>Yale Peabody Museum</organizationName><positionName>Head, Computer Systems Office</positionName>    <address>
<deliveryPoint>170 Whitney Avenue</deliveryPoint><city>New Haven</city><administrativeArea>CT</administrativeArea><postalCode>06511</postalCode><country>UNITED_STATES</country>    </address>
<phone>203-432-9892</phone><electronicMailAddress>lawrence.gall@yale.edu</electronicMailAddress><onlineUrl>http://www.peabody.yale.edu</onlineUrl>    <role>CONTENT_PROVIDER</role>
</associatedParty>
<associatedParty>
    <individualName>
<givenName>Juan</givenName>      <surName>Arizaga Martínez</surName>
    </individualName>
<organizationName>Department of Ornithology,  Aranzadi Society of Sciences</organizationName><positionName>Department Head</positionName>    <address>
<deliveryPoint>Zorroagagaina 11</deliveryPoint><city>Donostia-San Sebastián</city><administrativeArea>Gipuzkoa</administrativeArea><postalCode>E-20014</postalCode><country>SPAIN</country>    </address>
<phone>(+34) 943 466 142</phone><onlineUrl>http://www.aranzadi.eus/</onlineUrl>    <role>CONTENT_PROVIDER</role>
</associatedParty>
<associatedParty>
    <individualName>
<givenName>Stephen</givenName>      <surName>Rogers</surName>
    </individualName>
<organizationName>Carnegie Museum of Natural History</organizationName><positionName>Collection Manager</positionName>    <address>
<deliveryPoint>4400 Forbes Ave.</deliveryPoint><city>Pittsburgh</city><administrativeArea>PA</administrativeArea><postalCode>15213-4080</postalCode><country>UNITED_STATES</country>    </address>
<phone>+01 412-622-3255</phone><electronicMailAddress>rogerss@carnegiemnh.org</electronicMailAddress><onlineUrl>http://www.carnegiemnh.org/birds/index.html</onlineUrl>    <role>CONTENT_PROVIDER</role>
</associatedParty>
<associatedParty>
    <individualName>
<givenName>Gary</givenName>      <surName>Shugart</surName>
    </individualName>
<organizationName>Slater Museum of Natural History, University of Puget Sound</organizationName><positionName>Collections Manager</positionName>    <address>
<deliveryPoint>1500 N. Warner</deliveryPoint><city>Tacoma</city><administrativeArea>WA</administrativeArea><postalCode>98416</postalCode><country>UNITED_STATES</country>    </address>
<phone>+01 253-879-3356</phone><electronicMailAddress>gshugart@pugetsound.edu</electronicMailAddress><onlineUrl>http://www.pugetsound.edu/academics/academic-resources/slater-museum</onlineUrl>    <role>CONTENT_PROVIDER</role>
</associatedParty>
<associatedParty>
    <individualName>
<givenName>Mark</givenName>      <surName>Robbins</surName>
    </individualName>
<organizationName>KU Biodiversity Institute</organizationName><positionName>Collections Manager</positionName>    <address>
<deliveryPoint>Dyche Hall, 1345 Jayhawk Blvd.</deliveryPoint><city>Lawrence</city><administrativeArea>KS</administrativeArea><postalCode>66045</postalCode><country>UNITED_STATES</country>    </address>
<phone>+01 785 864 3657</phone><electronicMailAddress>mrobbins@ku.edu</electronicMailAddress><onlineUrl>http://ornithology.biodiversity.ku.edu/</onlineUrl>    <role>CONTENT_PROVIDER</role>
</associatedParty>
<associatedParty>
    <individualName>
<givenName>Ramiro Santiago</givenName>      <surName>Arrieta</surName>
    </individualName>
<organizationName>Aves Argentinas - Asociación Ornitológica del Plata</organizationName><positionName>Bibliotecario</positionName>    <address>
<deliveryPoint>Matheu 1246</deliveryPoint><city>Ciudad Autónoma de Buenos Aires</city><country>ARGENTINA</country>    </address>
<phone>541149437216</phone><electronicMailAddress>biblioteca@avesargentinas.org.ar</electronicMailAddress><onlineUrl>http://www.avesargentinas.org.ar</onlineUrl>    <role>CONTENT_PROVIDER</role>
</associatedParty>
<associatedParty>
    <individualName>
<givenName>Richard</givenName>      <surName>Pyle</surName>
    </individualName>
<organizationName>Bernice P. Bishop Museum</organizationName><positionName>Database Coordinator</positionName>    <address>
<deliveryPoint>1525 Bernice Street</deliveryPoint><city>Honolulu</city><administrativeArea>Hawaii</administrativeArea><postalCode>96817</postalCode><country>UNITED_STATES</country>    </address>
<phone>808-848-4115</phone><electronicMailAddress>deepreef@bishopmuseum.org</electronicMailAddress><onlineUrl>http://hbs.bishopmuseum.org/staff/pylerichard.html</onlineUrl>    <role>CONTENT_PROVIDER</role>
</associatedParty>
<associatedParty>
    <individualName>
<givenName>Krista</givenName>      <surName>Fahy</surName>
    </individualName>
<organizationName>Santa Barbara Museum of Natural History</organizationName><positionName>Associate Curator</positionName>    <address>
<deliveryPoint>2559 Puesta del Sol</deliveryPoint><city>Santa Barbara</city><administrativeArea>CA</administrativeArea><postalCode>93105</postalCode>    </address>
<phone>+01 805-682-4711 (155)</phone><electronicMailAddress>kfahy@sbnature2.org</electronicMailAddress><onlineUrl>http://www.sbnature.org/</onlineUrl>    <role>CONTENT_PROVIDER</role>
</associatedParty>
<associatedParty>
    <individualName>
<givenName>Ramiro Santiago</givenName>      <surName>Arrieta</surName>
    </individualName>
<organizationName>Aves Argentinas - Asociación Ornitológica del Plata</organizationName><positionName>Bibliotecario</positionName>    <address>
<deliveryPoint>Matheu 1246</deliveryPoint><city>Ciudad Autónoma de Buenos Aires</city><administrativeArea>Buenos Aires</administrativeArea><country>ARGENTINA</country>    </address>
<phone>541149437216</phone><electronicMailAddress>biblioteca@avesargentinas.org.ar</electronicMailAddress><onlineUrl>http://www.avesargentinas.org.ar</onlineUrl>    <role>CONTENT_PROVIDER</role>
</associatedParty>
<associatedParty>
    <individualName>
<givenName>Angelika</givenName>      <surName>Nelson</surName>
    </individualName>
<organizationName>Ohio State University</organizationName><positionName>Curator</positionName>    <address>
<country>UNITED_STATES</country>    </address>
<electronicMailAddress>nelson.794@osu.edu</electronicMailAddress><onlineUrl>http://tetrapods.osu.edu</onlineUrl>    <role>CONTENT_PROVIDER</role>
</associatedParty>
<associatedParty>
    <individualName>
<givenName>Ildiko</givenName>      <surName>Szabo</surName>
    </individualName>
<organizationName>University of British Columbia Beaty Biodiversity Museum</organizationName><positionName>Assistant Curator</positionName>    <address>
<deliveryPoint>2212 Main Mall</deliveryPoint><city>Vancouver</city><administrativeArea>BC</administrativeArea><postalCode>V6T 1Z4</postalCode><country>CANADA</country>    </address>
<electronicMailAddress>ildiko@zoology.ubc.ca</electronicMailAddress><onlineUrl>http://beatymuseum.ubc.ca/collections/vertebrate</onlineUrl>    <role>CONTENT_PROVIDER</role>
</associatedParty>
<associatedParty>
    <individualName>
<givenName>Federico</givenName>      <surName>Barrada de Zavalía</surName>
    </individualName>
    <userId directory="">http://www.researcherid.com/rid/0002</userId>
    <address>
<country>ARGENTINA</country>    </address>
<electronicMailAddress>fbdezavalia@yahoo.com.ar</electronicMailAddress>    <role>CONTENT_PROVIDER</role>
</associatedParty>
<associatedParty>
    <individualName>
      <surName>Christophe Gouraud &amp; Madeline Quemin</surName>
    </individualName>
<organizationName>Musée George Sand et de la Vallée Noire</organizationName><positionName>Scientific referees/advisors of the Baillon Collection</positionName>    <address>
<deliveryPoint>71 Rue Venose 36400 La Châtre</deliveryPoint><city>La Châtre</city><postalCode>36400</postalCode><country>FRANCE</country>    </address>
<electronicMailAddress>collection.baillon@gmail.com</electronicMailAddress>    <role>CONTENT_PROVIDER</role>
</associatedParty>
<associatedParty>
    <individualName>
<givenName>Javier</givenName>      <surName>Quesada Lara</surName>
    </individualName>
<organizationName>Museu de Ciències Naturals de Barcelona</organizationName><positionName>Conservador</positionName>    <address>
<deliveryPoint>Passeig Picasso s/n</deliveryPoint><city>Barcelona</city><administrativeArea>Catalunya</administrativeArea><postalCode>E-08003</postalCode><country>SPAIN</country>    </address>
<phone>+34 933296912</phone><electronicMailAddress>jquesadal@mail.bcn.es</electronicMailAddress><onlineUrl>http://www.museuciencies.cat</onlineUrl>    <role>CONTENT_PROVIDER</role>
</associatedParty>
<associatedParty>
    <individualName>
<givenName>René</givenName>      <surName>Corado</surName>
    </individualName>
<organizationName>Western Foundation of Vertebrate Zoology</organizationName><positionName>Collections Manager</positionName>    <address>
<deliveryPoint>439 Calle San Pablo</deliveryPoint><city>Camarillo</city><administrativeArea>CA</administrativeArea><postalCode>93012</postalCode><country>UNITED_STATES</country>    </address>
<phone>+01 805 388 9944</phone><electronicMailAddress>rene@wfvz.org</electronicMailAddress><onlineUrl>http://www.wfvz.org</onlineUrl>    <role>CONTENT_PROVIDER</role>
</associatedParty>
<associatedParty>
    <individualName>
<givenName>Lars Erik</givenName>      <surName>Johannessen</surName>
    </individualName>
<organizationName>Natural History Museum, University of Oslo</organizationName>    <address>
<city>Oslo</city><country>NORWAY</country>    </address>
    <role>CONTENT_PROVIDER</role>
</associatedParty>
<associatedParty>
    <individualName>
<givenName>Meredith</givenName>      <surName>Mahoney</surName>
    </individualName>
<organizationName>Illinois State Museum</organizationName><positionName>Assistant Curator of Zoology</positionName>    <address>
<deliveryPoint>1011 E. Ash Street</deliveryPoint><city>Springfield</city><administrativeArea>Illinois</administrativeArea><postalCode>62703</postalCode><country>UNITED_STATES</country>    </address>
<phone>217-785-4843</phone><electronicMailAddress>mjmahoney@museum.state.il.us</electronicMailAddress><onlineUrl>http://www.museum.state.il.us</onlineUrl>    <role>CONTENT_PROVIDER</role>
</associatedParty>
<associatedParty>
    <individualName>
      <surName>D. Yaetman-Berthelot et G. Jarry (SEOF)</surName>
    </individualName>
    <address>
<country>FRANCE</country>    </address>
    <role>CONTENT_PROVIDER</role>
</associatedParty>
<associatedParty>
    <individualName>
<givenName>Janet</givenName>      <surName>Hinshaw</surName>
    </individualName>
<organizationName>University of Michigan Museum of Zoology</organizationName><positionName>Collection Manager</positionName>    <address>
<deliveryPoint>1109 Geddes Ave, 3020 Ruthven</deliveryPoint><city>Ann Arbor</city><administrativeArea>MI</administrativeArea><postalCode>48109</postalCode><country>UNITED_STATES</country>    </address>
<phone>+01 734-764-0457</phone><electronicMailAddress>jhinshaw@umich.edu</electronicMailAddress><onlineUrl>http://www.lsa.umich.edu/ummz/birds</onlineUrl>    <role>CONTENT_PROVIDER</role>
</associatedParty>
<associatedParty>
    <individualName>
<givenName>Scott</givenName>      <surName>Cutler</surName>
    </individualName>
<organizationName>Centennial Museum</organizationName><positionName>Curator of Collections &amp; Exhibits</positionName>    <address>
<deliveryPoint>The University of Texas at El Paso</deliveryPoint><city>El Paso</city><administrativeArea>TX</administrativeArea><postalCode>79968-0533</postalCode><country>UNITED_STATES</country>    </address>
<phone>+01 915-747-6668</phone><electronicMailAddress>scutler@utep.edu</electronicMailAddress><onlineUrl>https://www.utep.edu/leb/collect/collect.htm</onlineUrl>    <role>CONTENT_PROVIDER</role>
</associatedParty>
<associatedParty>
    <individualName>
<givenName>Carla</givenName>      <surName>Cicero</surName>
    </individualName>
<organizationName>Museum of Vertebrate Zoology, UC Berkeley</organizationName><positionName>Staff Curator of Ornithology</positionName>    <address>
<deliveryPoint>3101 Valley Life Science Building</deliveryPoint><city>Berkeley</city><administrativeArea>CA</administrativeArea><postalCode>94720-3160</postalCode><country>UNITED_STATES</country>    </address>
<phone>(510) 642-7868</phone><electronicMailAddress>ccicero@berkeley.edu</electronicMailAddress><onlineUrl>http://mvz.berkeley.edu</onlineUrl>    <role>CONTENT_PROVIDER</role>
</associatedParty>
<associatedParty>
    <individualName>
<givenName>Tim</givenName>      <surName>Levatich</surName>
    </individualName>
<organizationName>Cornell Lab of Ornithology</organizationName><positionName>Database Administrator</positionName>    <address>
<deliveryPoint>Information Science, 159 Sapsucker Woods Road</deliveryPoint><city>Ithaca</city><administrativeArea>NY</administrativeArea><postalCode>14850</postalCode><country>UNITED_STATES</country>    </address>
<electronicMailAddress>tpl10@cornell.edu</electronicMailAddress><onlineUrl>http://ebird.org/</onlineUrl>    <role>CONTENT_PROVIDER</role>
</associatedParty>
<associatedParty>
    <individualName>
<givenName>Garth</givenName>      <surName>Spellman</surName>
    </individualName>
<organizationName>Denver Museum of Nature &amp; Science</organizationName><positionName>Curator of Vertebrate Zoology</positionName>    <address>
<deliveryPoint>2001 Colorado Blvd.</deliveryPoint><city>Denver</city><administrativeArea>CO</administrativeArea><postalCode>80205-5798</postalCode><country>UNITED_STATES</country>    </address>
<phone>+01 303-373-6443</phone><electronicMailAddress>Garth.Spellman@dmns.org</electronicMailAddress>    <role>CONTENT_PROVIDER</role>
</associatedParty>
<associatedParty>
    <individualName>
<givenName>Christian</givenName>      <surName>Bohm</surName>
    </individualName>
<organizationName>Natural History Museum</organizationName><positionName>System administrator</positionName>    <address>
<city>Göteborg</city><country>SWEDEN</country>    </address>
<electronicMailAddress>christian.bohm@vgregion.se</electronicMailAddress>    <role>CONTENT_PROVIDER</role>
</associatedParty>
<associatedParty>
    <individualName>
<givenName>Rick</givenName>      <surName>Feeney</surName>
    </individualName>
<organizationName>Natural History Museum of Los Angeles County</organizationName><positionName>Fishes Collection Manager</positionName>    <address>
<deliveryPoint>900 Exposition Blvd.</deliveryPoint><city>Los Angeles</city><administrativeArea>CA</administrativeArea><postalCode>90007</postalCode><country>UNITED_STATES</country>    </address>
<phone>+01 213 763 3374</phone><electronicMailAddress>rfeeney@nhm.org</electronicMailAddress><onlineUrl>http://www.nhm.org/</onlineUrl>    <role>CONTENT_PROVIDER</role>
</associatedParty>
<associatedParty>
    <individualName>
<givenName>Ramiro Santiago</givenName>      <surName>Arrieta</surName>
    </individualName>
<organizationName>Aves Argentinas - Asociación Ornitológica del Plata</organizationName><positionName>Bibliotecario</positionName>    <address>
<deliveryPoint>Matheu 1246</deliveryPoint><city>Ciudad Autónoma de Buenos Aires</city><administrativeArea>Buenos Aires</administrativeArea><country>ARGENTINA</country>    </address>
<phone>541149437216</phone><electronicMailAddress>biblioteca@avesargentinas.org.ar</electronicMailAddress><onlineUrl>http://www.avesargentinas.org.ar</onlineUrl>    <role>CONTENT_PROVIDER</role>
</associatedParty>
<associatedParty>
    <individualName>
<givenName>Charles</givenName>      <surName>Dardia</surName>
    </individualName>
<organizationName>Cornell University Museum of Vertebrates</organizationName><positionName>Collections Manager</positionName>    <address>
<deliveryPoint>159 Sapsucker Woods Road</deliveryPoint><city>Ithaca</city><administrativeArea>NY</administrativeArea><postalCode>14850</postalCode><country>UNITED_STATES</country>    </address>
<phone>+1 607-254-2161</phone><electronicMailAddress>cmd7@cornell.edu</electronicMailAddress><onlineUrl>http://www.cumv.cornell.edu/</onlineUrl>    <role>CONTENT_PROVIDER</role>
</associatedParty>
<associatedParty>
    <individualName>
<givenName>Rob</givenName>      <surName>Faucett</surName>
    </individualName>
<organizationName>University of Washington Burke Museum</organizationName><positionName>Collection Manager</positionName>    <address>
<deliveryPoint>Box 353010</deliveryPoint><city>Seattle</city><administrativeArea>WA</administrativeArea><postalCode>98195</postalCode><country>UNITED_STATES</country>    </address>
<phone>+1 206-543-1668</phone><electronicMailAddress>rfaucett@uw.edu</electronicMailAddress><onlineUrl>http://www.burkemuseum.org/</onlineUrl>    <role>CONTENT_PROVIDER</role>
</associatedParty>
<associatedParty>
    <individualName>
<givenName>Tom</givenName>      <surName>Trombone</surName>
    </individualName>
<organizationName>American Museum of Natural History</organizationName><positionName>Data Manager</positionName>    <address>
<deliveryPoint>Central Park West at 79th Street</deliveryPoint><city>New York</city><administrativeArea>NY</administrativeArea><postalCode>10024</postalCode><country>UNITED_STATES</country>    </address>
<phone>+01 212-313-7783</phone><electronicMailAddress>trombone@amnh.org</electronicMailAddress><onlineUrl>http://www.amnh.org/</onlineUrl>    <role>CONTENT_PROVIDER</role>
</associatedParty>
<associatedParty>
    <individualName>
<givenName>Philip</givenName>      <surName>Unitt</surName>
    </individualName>
<organizationName>San Diego Natural History Museum</organizationName><positionName>Curator</positionName>    <address>
<deliveryPoint>1788 El Prado, Balboa Park</deliveryPoint><city>San Diego</city><administrativeArea>CA</administrativeArea><postalCode>92101</postalCode><country>UNITED_STATES</country>    </address>
<phone>+01 619-255-0235</phone><electronicMailAddress>birds@sdnhm.org</electronicMailAddress><onlineUrl>http://www.sdnhm.org/</onlineUrl>    <role>CONTENT_PROVIDER</role>
</associatedParty>
<associatedParty>
    <individualName>
<givenName>Ramiro Santiago</givenName>      <surName>Arrieta</surName>
    </individualName>
<organizationName>Aves Argentinas - Asociación Ornitológica del Plata</organizationName><positionName>Bibliotecario</positionName>    <address>
<deliveryPoint>Matheu 1246</deliveryPoint><city>Ciudad Autónoma de Buenos Aires</city><administrativeArea>Buenos Aires</administrativeArea><country>ARGENTINA</country>    </address>
<phone>541149437216</phone><electronicMailAddress>biblioteca@avesargentinas.org.ar</electronicMailAddress><onlineUrl>http://www.avesargentinas.org.ar</onlineUrl>    <role>CONTENT_PROVIDER</role>
</associatedParty>
<associatedParty>
    <individualName>
<givenName>Thomas</givenName>      <surName>Orrell</surName>
    </individualName>
<organizationName>National Museum of Natural History, Smithsonian Institution</organizationName><positionName>Branch Chief, NMNH Informatics</positionName>    <address>
<deliveryPoint>P.O. Box 37012, MRC 136</deliveryPoint><city>Washington</city><administrativeArea>DC</administrativeArea><postalCode>20013-7012</postalCode><country>UNITED_STATES</country>    </address>
<phone>202-633-2151</phone><electronicMailAddress>orrellt@si.edu</electronicMailAddress><onlineUrl>http://collections.mnh.si.edu</onlineUrl>    <role>CONTENT_PROVIDER</role>
</associatedParty>
<associatedParty>
    <individualName>
<givenName>Bradley</givenName>      <surName>Millen</surName>
    </individualName>
<organizationName>Royal Ontario Museum</organizationName><positionName>Database Technician</positionName>    <address>
<deliveryPoint>100 Queen&apos;s Park</deliveryPoint><city>Toronto</city><administrativeArea>Ontario</administrativeArea><postalCode>M5S 2C6</postalCode><country>CANADA</country>    </address>
<phone>1-416-586-5768</phone><electronicMailAddress>bradm@rom.on.ca</electronicMailAddress>    <role>CONTENT_PROVIDER</role>
</associatedParty>
<associatedParty>
    <individualName>
<givenName>Dawn</givenName>      <surName>Roberts</surName>
    </individualName>
<organizationName>The Chicago Academy of Sciences</organizationName><positionName>Collections Manager</positionName>    <address>
<deliveryPoint>2430 North Cannon Drive</deliveryPoint><city>Chicago</city><administrativeArea>IL</administrativeArea><postalCode>60614</postalCode><country>UNITED_STATES</country>    </address>
<phone>+01 773-755-5125</phone><electronicMailAddress>droberts@naturemuseum.org</electronicMailAddress><onlineUrl>http://www.naturemuseum.org</onlineUrl>    <role>CONTENT_PROVIDER</role>
</associatedParty>
<associatedParty>
    <individualName>
<givenName>Michael</givenName>      <surName>Blair</surName>
    </individualName>
<organizationName>EBCC</organizationName><positionName>Editor</positionName>    <address>
<country>UNITED_KINGDOM</country>    </address>
    <role>CONTENT_PROVIDER</role>
</associatedParty>
<associatedParty>
    <individualName>
<givenName>Christopher</givenName>      <surName>Witt</surName>
    </individualName>
<organizationName>Museum of Southwestern Biology</organizationName><positionName>Curator of Birds</positionName>    <address>
<deliveryPoint>University of New Mexico</deliveryPoint><city>Albuquerque</city><administrativeArea>NM</administrativeArea><postalCode>87131-0001</postalCode><country>UNITED_STATES</country>    </address>
<phone>(505) 277-8169</phone><electronicMailAddress>cwitt@unm.edu</electronicMailAddress><onlineUrl>http://biology.unm.edu/Witt/</onlineUrl>    <role>CONTENT_PROVIDER</role>
</associatedParty>
<associatedParty>
    <individualName>
<givenName>Mireia</givenName>      <surName>Beas-Moix</surName>
    </individualName>
<organizationName>Cheadle Center for Biodiversity and Ecological Restoration</organizationName><positionName>Collections Manager</positionName>    <address>
<deliveryPoint>Harder South, Building 578, MS-9615</deliveryPoint><city>Santa Barbara</city><administrativeArea>CA</administrativeArea><postalCode>93106-9615</postalCode><country>UNITED_STATES</country>    </address>
<phone>+01 805-893-2401</phone><electronicMailAddress>beas-moix@ccber.ucsb.edu</electronicMailAddress><onlineUrl>http://ccber.ucsb.edu/</onlineUrl>    <role>CONTENT_PROVIDER</role>
</associatedParty>
<associatedParty>
    <individualName>
<givenName>Jim</givenName>      <surName>Cox</surName>
    </individualName>
<organizationName>Tall Timbers Research Station and Land Conservancy</organizationName><positionName>Vertebrate Ecology Program Director</positionName>    <address>
<deliveryPoint>13093 Henry Beadel Drive</deliveryPoint><city>Tallahassee</city><administrativeArea>Florida</administrativeArea><postalCode>32312</postalCode><country>UNITED_STATES</country>    </address>
<phone>(850) 893-4153</phone><electronicMailAddress>jim@ttrs.org</electronicMailAddress><onlineUrl>http://www.talltimbers.org/index.html</onlineUrl>    <role>CONTENT_PROVIDER</role>
</associatedParty>
<associatedParty>
    <individualName>
<givenName>Henry</givenName>      <surName>van der Es</surName>
    </individualName>
<organizationName>Natural History Museum Rotterdam</organizationName><positionName>Collection Manager</positionName>    <address>
<deliveryPoint>Westzeedijk 345</deliveryPoint><city>Rotterdam</city><postalCode>NL-3015 AA</postalCode><country>NETHERLANDS</country>    </address>
<phone>+31-(0)10-4364222</phone><electronicMailAddress>vanderes@hetnatuurhistorisch.nl</electronicMailAddress>    <role>CONTENT_PROVIDER</role>
</associatedParty>
<associatedParty>
<organizationName>The Natural History Museum, London</organizationName><electronicMailAddress>data@nhm.ac.uk</electronicMailAddress><onlineUrl>http://data.nhm.ac.uk</onlineUrl>    <role>CONTENT_PROVIDER</role>
</associatedParty>
<associatedParty>
    <individualName>
<givenName>Tamaki</givenName>      <surName>Yuri</surName>
    </individualName>
<organizationName>Sam Noble Oklahoma Museum of Natural History</organizationName><positionName>Collection Manager</positionName>    <address>
<deliveryPoint>2401 Chautauqua Ave.</deliveryPoint><city>Norman</city><administrativeArea>OK</administrativeArea><postalCode>73072</postalCode><country>UNITED_STATES</country>    </address>
<phone>405-325-8243</phone><electronicMailAddress>tyuri@ou.edu</electronicMailAddress><onlineUrl>http://www.snomnh.ou.edu</onlineUrl>    <role>CONTENT_PROVIDER</role>
</associatedParty>
<associatedParty>
    <individualName>
<givenName>Anders</givenName>      <surName>Telenius</surName>
    </individualName>
<organizationName>Swedish Museum of Natural History</organizationName><positionName>Node manager</positionName>    <address>
<country>SWEDEN</country>    </address>
<electronicMailAddress>anders.telenius@nrm.se</electronicMailAddress>    <role>CONTENT_PROVIDER</role>
</associatedParty>
<associatedParty>
    <individualName>
<givenName>Keith</givenName>      <surName>Barker</surName>
    </individualName>
<organizationName>Bell Museum of Natural History</organizationName><positionName>Curator of Genetic Resources</positionName>    <address>
<deliveryPoint>100 Ecology Building, 1987 Upper Buford Circle</deliveryPoint><city>St. Paul</city><administrativeArea>MN</administrativeArea><postalCode>55108</postalCode><country>UNITED_STATES</country>    </address>
<phone>+01 612-624-2737</phone><electronicMailAddress>barke042@umn.edu</electronicMailAddress><onlineUrl>http://www.bellmuseum.umn.edu</onlineUrl>    <role>CONTENT_PROVIDER</role>
</associatedParty>
<associatedParty>
    <individualName>
<givenName>Mathew</givenName>      <surName>Lowe</surName>
    </individualName>
<organizationName>University Museum of Zoology Cambridge (Zoology)</organizationName><positionName>Collections Manager</positionName>    <address>
<deliveryPoint>Downing Street</deliveryPoint><city>Cambridge</city><postalCode>CB2 3EJ</postalCode><country>UNITED_KINGDOM</country>    </address>
<phone>+44 (0) 1223 336659</phone><electronicMailAddress>mwl34@cam.ac.uk</electronicMailAddress><onlineUrl>http://www.zoo.cam.ac.uk/museum/</onlineUrl>    <role>CONTENT_PROVIDER</role>
</associatedParty>
<associatedParty>
    <individualName>
<givenName>Carla</givenName>      <surName>Cicero</surName>
    </individualName>
<organizationName>Museum of Vertebrate Zoology, UC Berkeley</organizationName><positionName>Staff Curator of Birds</positionName>    <address>
<deliveryPoint>3101 Valley Life Science Building</deliveryPoint><city>Berkeley</city><administrativeArea>CA</administrativeArea><postalCode>94720-3160</postalCode><country>UNITED_STATES</country>    </address>
<phone>(510) 642-7868</phone><electronicMailAddress>ccicero@berkeley.edu</electronicMailAddress><onlineUrl>http://mvz.berkeley.edu</onlineUrl>    <role>CONTENT_PROVIDER</role>
</associatedParty>
<associatedParty>
    <individualName>
<givenName>Jean L.</givenName>      <surName>Woods, Ph.D.</surName>
    </individualName>
<organizationName>Delaware Museum of Natural History</organizationName><positionName>Curator of Birds</positionName>    <address>
<deliveryPoint>4840 Kennett Pike</deliveryPoint><city>Wilmington</city><administrativeArea>DE</administrativeArea><postalCode>19807-0937</postalCode><country>UNITED_STATES</country>    </address>
<phone>+01 302-658-9111 -- 314</phone><electronicMailAddress>jwoods@delmnh.org</electronicMailAddress><onlineUrl>http://www.delmnh.org</onlineUrl>    <role>CONTENT_PROVIDER</role>
</associatedParty>
<associatedParty>
    <individualName>
<givenName>Javier</givenName>      <surName>Ranz</surName>
    </individualName>
<organizationName>Generalitat Valenciana</organizationName><positionName>Técnico</positionName>    <address>
<deliveryPoint>Castán Tobeñas, 77</deliveryPoint><city>Valencia</city>    </address>
<phone>961208596</phone><electronicMailAddress>ranz_jav@gva.es</electronicMailAddress>    <role>CONTENT_PROVIDER</role>
</associatedParty>
<associatedParty>
    <individualName>
<givenName>John</givenName>      <surName>McCormack</surName>
    </individualName>
<organizationName>Moore Laboratory of Zoology</organizationName><positionName>Director/Curator</positionName>    <address>
<deliveryPoint>1600 Campus Road, Occidental College</deliveryPoint><city>Los Angeles</city><administrativeArea>CA</administrativeArea><postalCode>90041</postalCode><country>UNITED_STATES</country>    </address>
<phone>(323) 259-1352</phone><electronicMailAddress>mccormack@oxy.edu</electronicMailAddress><onlineUrl>http://faculty.oxy.edu/mccormack/</onlineUrl>    <role>CONTENT_PROVIDER</role>
</associatedParty>
<associatedParty>
    <individualName>
<givenName>MCZ</givenName>      <surName>Harvard University</surName>
    </individualName>
<organizationName>Museum of Comparative Zoology</organizationName>    <address>
<deliveryPoint>26 Oxford Street</deliveryPoint><city>Cambridge</city><administrativeArea>MA</administrativeArea><postalCode>02138</postalCode><country>UNITED_STATES</country>    </address>
<onlineUrl>http://www.mcz.harvard.edu</onlineUrl>    <role>CONTENT_PROVIDER</role>
</associatedParty>
<associatedParty>
<organizationName>OZCAM (Online Zoological Collections of Australian Museums) Provider</organizationName><onlineUrl>http://www.ozcam.org.au/</onlineUrl>    <role>CONTENT_PROVIDER</role>
</associatedParty>
<associatedParty>
    <individualName>
<givenName>Veljo</givenName>      <surName>Runnel</surName>
    </individualName>
<organizationName>University of Tartu Natural History Museum and Botanical Garden</organizationName><positionName>citizen science specialist</positionName>    <address>
<deliveryPoint>Vanemuise 46</deliveryPoint><city>Tartu</city><country>ESTONIA</country>    </address>
<electronicMailAddress>veljo.runnel@ut.ee</electronicMailAddress><onlineUrl>http://natmuseum.ut.ee</onlineUrl>    <role>CONTENT_PROVIDER</role>
</associatedParty>
<associatedParty>
    <individualName>
<givenName>Marie-Dominique</givenName>      <surName>Wandhammer</surName>
    </individualName>
<organizationName>Musée Zoologique de Strasbourg</organizationName><positionName>Curator</positionName>    <address>
<deliveryPoint>29 bvd de la Victoire</deliveryPoint><city>Strasbourg</city><postalCode>F67000</postalCode><country>FRANCE</country>    </address>
<phone>(33) 390 24 04 97</phone><electronicMailAddress>marie-dominique.wandhammer@cus-strasbourg.net</electronicMailAddress><onlineUrl>http://www.musees-strasbourg.org/F/musees/zoologique/zoo.html</onlineUrl>    <role>CONTENT_PROVIDER</role>
</associatedParty>
<associatedParty>
    <individualName>
<givenName>Sharon</givenName>      <surName>Grant</surName>
    </individualName>
<organizationName>Field Museum of Natural History</organizationName><positionName>Technology Liaison to Science</positionName>    <address>
<deliveryPoint>1400 S Lake Shore Drive</deliveryPoint><city>Chicago</city><administrativeArea>IL</administrativeArea><postalCode>60605</postalCode><country>UNITED_STATES</country>    </address>
<phone>3126657203</phone><electronicMailAddress>sgrant@fieldmuseum.org</electronicMailAddress><onlineUrl>http://fieldmuseum.org/users/sharon-grant</onlineUrl>    <role>CONTENT_PROVIDER</role>
</associatedParty>
<associatedParty>
    <individualName>
<givenName>Kathy</givenName>      <surName>Molina</surName>
    </individualName>
<organizationName>University of California, Los Angeles</organizationName><positionName>Collection Manager</positionName>    <address>
<deliveryPoint>Department of Ecology &amp; Evolutionary Biology, Hershey Hall, 612 Charles Young Dr. East</deliveryPoint><city>Los Angeles</city><administrativeArea>CA</administrativeArea><postalCode>90095</postalCode><country>UNITED_STATES</country>    </address>
<phone>+01 310-825-1282</phone><electronicMailAddress>kmolina@obee.ucla.edu</electronicMailAddress><onlineUrl>http://www.eeb.ucla.edu/dickey/</onlineUrl>    <role>CONTENT_PROVIDER</role>
</associatedParty>
<pubDate>
        2016-02-11
</pubDate>
<language>ENGLISH</language>
<abstract>
  <para>A dataset containing all occurrences available in GBIF matching the query:
TaxonKey: 2479407
The dataset includes records from the following constituent datasets. The full metadata for each constituent is also included in this archive:
1 records from Western Australian Museum provider for OZCAM
1 records from Zoology (Museum of Evolution - Uppsala)
1 records from BioBlitz Barcelona 2010-14
1 records from PSM Vertebrates Collection
1 records from Bernice P. Bishop Museum
1 records from New Mexico Biodiversity Collections Consortium database
1 records from UNSM Vertebrate Specimens
1 records from Aves Argentinas / Asociación Ornitológica del Plata - Colección de registros observacionales de aves silvestres argentinas - Especies observadas en Mercedes (Unterkofler, octubre 1999)
1 records from Cowan Tetrapod Collection - Birds
1 records from University of Ghent - Zoology Museum - Vertebratacollectie
1 records from Baillon Collection
1 records from The avian collection at the Natural History Museum, Oslo, Norway
1 records from Inventaire National du Patrimoine Naturel : Oiseaux nicheurs de France
1 records from UTEP Vertebrates
1 records from Suffolk Biological Records Centre - Suffolk Biological Records Centre (SBRC) dataset
1 records from Aves Argentinas / Asociación Ornitológica del Plata - Colección de registros observacionales de aves silvestres argentinas - Especies observadas en Casilda (Luna &amp; Piazza, octubre 1999)
1 records from Fonoteca Zoológica, Museo Nacional de Ciencias Naturales, Madrid: FZ_AVES
1 records from Bird Specimens in the Museum of Nature and Human Activities, Hyogo, Japan
1 records from Aves Argentinas / Asociación Ornitológica del Plata - Colección de registros observacionales de aves silvestres argentinas - Especies observadas en Guaminí (Carrique, octubre 1999)
1 records from CHAS Ornithology
1 records from MSB Bird Collection (Arctos)
1 records from TTRS Ornithology
1 records from Natural History Museum Rotterdam (NL) - Chordata collection
1 records from Natural History Museum (London) Collection Specimens
1 records from Birds Specimens
1 records from MMNH Museum Bird Collection
1 records from UMZC Zoological Specimens
1 records from Australian National Wildlife Collection provider for OZCAM
1 records from My naturesounds - nature observations with sound recordings
1 records from Aves MZS
1 records from UCLA Donald R. Dickey Bird and Mammal Collection
1 records from Bird Collection of Museum and Institute of Zoology PAS
2 records from Database Schema for UC Davis Wildlife museum
2 records from Anymals+plants - Citizen Science Data
2 records from Vertebrates of the Gothenburg Natural History Museum (GNM)
2 records from Lund Museum of Zoology (MZLU)
3 records from MSU Mammalogy, Ornithology and Vertebrate Paleontology Collections
3 records from Ornithologie ZMK
3 records from SBMNH Vertebrate Zoology
3 records from Insecta ZMK
3 records from SDNHM Birds Collection
3 records from MVZ Bird Collection (Arctos)
4 records from Rapid Assessment Program (RAP) Biodiversity Survey Database
4 records from Ornithology Collection Non Passeriformes - Royal Ontario Museum
5 records from ISM Ornithology Collection
5 records from MVZ Bird Observations (Arctos)
5 records from CCBER Ornithology Collection
6 records from NCSM Birds Collection
6 records from DMNH Birds
7 records from KUBI Ornithology Tissue Collection
7 records from Ohio State University Tetrapod Division - Bird Collection (OSUM)
7 records from UWBM Ornithology Collection
7 records from Bird Specimens
7 records from Collection Aves (bird skeletons) SMF
8 records from Fieldjournal.org observation database
9 records from WFVZ Bird Collections
9 records from CUMV Bird Collection (Arctos)
9 records from Animal Sound Archive
9 records from MLZ Bird Collection (Arctos)
9 records from RBINS collections
9 records from SysTax -  Zoological Collections
11 records from Geographically tagged INSDC sequences
14 records from KUBI Ornithology Collection
14 records from Museu de Ciències Naturals de Barcelona: MCNB-Tissue
19 records from Colección Nacional de Ornitología - Museo Argentino de Ciencias Naturales &apos;Bernardino Rivadavia&apos;
19 records from DMNS Bird Collection (Arctos)
21 records from Collection Aves (spirit preserved) SMF
22 records from ORN
23 records from Collection Aves (bird skins) SMF
23 records from Museum of Comparative Zoology, Harvard University
26 records from Naturalis Biodiversity Center (NL) - Aves
36 records from UMMZ Birds Collection
37 records from Museu de Ciències Naturals de Barcelona: MCNB-Cord
39 records from LACM Vertebrate Collection
40 records from Bird specimens
41 records from Banco de Datos de la Biodiversidad de la Comunitat Valenciana
45 records from CM Birds Collection
46 records from AMNH Bird Collection
47 records from Aves Argentinas / Asociación Ornitológica del Plata - Colección de registros observacionales de aves silvestres argentinas - Lista Narosky: familia Psittacidae
48 records from Registros biológicos  en áreas protegidas obtenidos de documentos impresos
51 records from Fundación Miguel Lillo - Colección Ornitológica
51 records from NMNH occurrence DwC-A
52 records from Macaulay Library Audio and Video Collection
56 records from Field Museum of Natural History (Zoology) Bird Collection
79 records from Vertebrate Zoology Division - Ornithology, Yale Peabody Museum
97 records from naturgucker
143 records from Banc de dades de biodiversitat de Catalunya-VerteCat
215 records from Ministerio de Medio Ambiente, y Medio Rural y Marino. Dirección General de Medio Natural y Política Forestal. Inventario Nacional de Biodiversidad 2007, Aves Reproductoras
219 records from Inventario Español de Especies Terrestres (MAGRAMA)
285 records from iNaturalist research-grade observations
345 records from Aranzadi Ringing Scheme (bird ring-recovery data)
1316 records from Great Backyard Bird Count
2600 records from EBCC Atlas of European Breeding Birds
44611 records from EOD - eBird Observation Dataset
</para>
</abstract>
  <intellectualRights>
    <para>The data included in this download are provided to the user under a Creative Commons BY-NC 4.0 license (http://creativecommons.org/licenses/by-nc/4.0) which means that you are free to use, share, and adapt the data provided that you give reasonable and appropriate credit (attribution) and that you do not use the material for commercial purposes (non-commercial).

Data from some individual datasets included in this download may be licensed under less restrictive terms; review the details below.</para>
  </intellectualRights>
  <contact>
    <individualName>
      <surName>GBIF Download Service</surName>
    </individualName>
<electronicMailAddress>support@gbif.org</electronicMailAddress>  </contact>

</dataset>

<additionalMetadata>
  <metadata>
    <gbif>
        <citation identifier="10.15468/dl.uzrxjf">GBIF Occurrence Download 10.15468/dl.uzrxjf</citation>
        <physical>
          <objectName></objectName>
          <characterEncoding>UTF-8</characterEncoding>
          <dataFormat>
            <externallyDefinedFormat>
              <formatName>Darwin Core Archive</formatName>
            </externallyDefinedFormat>
          </dataFormat>
          <distribution>
            <online>
              <url function="download">http://api.gbif.org/v1/occurrence/download/request/0006693-160118175350007.zip</url>
            </online>
          </distribution>
        </physical>
    </gbif>
  </metadata>
</additionalMetadata>

</eml:eml>
