<eml:eml xmlns:eml="eml://ecoinformatics.org/eml-2.1.1"
         xmlns:xsi="http://www.w3.org/2001/XMLSchema-instance"
         xsi:schemaLocation="eml://ecoinformatics.org/eml-2.1.1 http://rs.gbif.org/schema/eml-gbif-profile/1.0.2/eml.xsd"
         packageId="0debafd0-6c8a-11de-8225-b8a03c50a862"  system="http://gbif.org" scope="system"
         xml:lang="en">

<dataset>
      <alternateIdentifier system="doi.org">doi:10.15468/gscnac</alternateIdentifier>
    <alternateIdentifier>7fde46c7-1089-3d15-937e-55dcca9316e1</alternateIdentifier>
    <alternateIdentifier>9106</alternateIdentifier>
  <title>Australian National Wildlife Collection provider for OZCAM</title>
<creator>
<organizationName>OZCAM (Online Zoological Collections of Australian Museums) Provider</organizationName><onlineUrl>http://www.ozcam.org.au/</onlineUrl></creator>
<metadataProvider>
<organizationName>OZCAM (Online Zoological Collections of Australian Museums) Provider</organizationName><onlineUrl>http://www.ozcam.org.au/</onlineUrl></metadataProvider>
<associatedParty>
<organizationName>Australian National Wildlife Collection</organizationName>    <address>
<deliveryPoint>Bellenden Street</deliveryPoint><city>Crace</city><administrativeArea>Australian Capital Territory</administrativeArea><postalCode>2911</postalCode><country>AUSTRALIA</country>    </address>
<onlineUrl>http://www.csiro.au/places/ANWC.html</onlineUrl>    <role>ORIGINATOR</role>
</associatedParty>
<associatedParty>
<organizationName>Atlas of Living Australia</organizationName>    <address>
<deliveryPoint>CSIRO Ecosystems Services</deliveryPoint><city>Canberra</city><administrativeArea>ACT</administrativeArea><postalCode>2605</postalCode><country>AUSTRALIA</country>    </address>
<electronicMailAddress>info@ala.org.au</electronicMailAddress>    <role>DISTRIBUTOR</role>
</associatedParty>
<pubDate>
        2016-01-12
</pubDate>
<language>ENGLISH</language>
<abstract>
  <para>Australian National Wildlife Collection provider for OZCAM. ANWC is part of the Australia&apos;s Commonwealth Scientific and Industrial Research Organisation (CSIRO)</para>
</abstract>
  <distribution scope="document">
    <online>
      <url function="information">http://collections.ala.org.au/public/show/dr341</url>
    </online>
  </distribution>
  <contact>
    <individualName>
<givenName>OZCAM</givenName>      <surName>Webmaster</surName>
    </individualName>
<positionName>Webmaster</positionName><electronicMailAddress>OZCAM.CHAFC@gmail.com</electronicMailAddress>  </contact>

</dataset>

<additionalMetadata>
  <metadata>
    <gbif>
        <dateStamp>2016-01-19T01:51:58.280+01:00</dateStamp>
        <citation>CSIRO: Australian National Wildlife Collection provider for OZCAM</citation>
        <resourceLogoUrl>http://collections.ala.org.au/data/dataProvider/ozcam.png</resourceLogoUrl>
    </gbif>
  </metadata>
</additionalMetadata>

</eml:eml>
