<eml:eml xmlns:eml="eml://ecoinformatics.org/eml-2.1.1"
         xmlns:xsi="http://www.w3.org/2001/XMLSchema-instance"
         xsi:schemaLocation="eml://ecoinformatics.org/eml-2.1.1 http://rs.gbif.org/schema/eml-gbif-profile/1.0.2/eml.xsd"
         packageId="15b04450-0c60-11dd-84cd-b8a03c50a862"  system="http://gbif.org" scope="system"
         xml:lang="en">

<dataset>
      <alternateIdentifier system="doi.org">doi:10.15468/1rofux</alternateIdentifier>
    <alternateIdentifier>http://www.gbif.se/ipt/resource?r=em-zoology</alternateIdentifier>
    <alternateIdentifier>http://www.gbif.se/ipt/resource.do?r=em-zoology</alternateIdentifier>
    <alternateIdentifier>15b04450-0c60-11dd-84cd-b8a03c50a862</alternateIdentifier>
    <alternateIdentifier>1044</alternateIdentifier>
  <title>Zoology (Museum of Evolution - Uppsala)</title>
<creator>
    <individualName>
<givenName>Anders</givenName>      <surName>Telenius</surName>
    </individualName>
<organizationName>Swedish Museum of Natural History</organizationName><positionName>Node manager</positionName>    <address>
<city>Stockholm</city><country>SWEDEN</country>    </address>
<electronicMailAddress>anders.telenius@nrm.se</electronicMailAddress></creator>
<metadataProvider>
    <individualName>
<givenName>Manash</givenName>      <surName>Shah</surName>
    </individualName>
<organizationName>Swedish Museum of Natural History</organizationName><positionName>Database Developer</positionName>    <address>
<city>Stockholm</city>    </address>
<electronicMailAddress>manash.shah@nrm.se</electronicMailAddress></metadataProvider>
<associatedParty>
    <individualName>
<givenName>Manash</givenName>      <surName>Shah</surName>
    </individualName>
<organizationName>Swedish Museum of Natural History</organizationName><positionName>Database Developer</positionName>    <address>
<city>Stockholm</city>    </address>
<electronicMailAddress>manash.shah@nrm.se</electronicMailAddress>    <role>USER</role>
</associatedParty>
<pubDate>
        2016-01-07
</pubDate>
<language>ENGLISH</language>
<abstract>
  <para>Database of the zoology collection of the Museum of Evolution in Uppsala.</para>
</abstract>
  <keywordSet>
      <keyword>Occurrence</keyword>
      <keywordThesaurus>GBIF Dataset Type Vocabulary: http://rs.gbif.org/vocabulary/gbif/dataset_type.xml</keywordThesaurus>
  </keywordSet>
  <keywordSet>
      <keyword>Specimen</keyword>
      <keywordThesaurus>GBIF Dataset Subtype Vocabulary: http://rs.gbif.org/vocabulary/gbif/dataset_subtype.xml</keywordThesaurus>
  </keywordSet>
  <intellectualRights>
    <para>Public Domain (CC0 1.0)</para>
  </intellectualRights>
  <contact>
    <individualName>
<givenName>Anders</givenName>      <surName>Telenius</surName>
    </individualName>
<organizationName>Swedish Museum of Natural History</organizationName><positionName>Node manager</positionName>    <address>
<city>Stockholm</city><country>SWEDEN</country>    </address>
<electronicMailAddress>anders.telenius@nrm.se</electronicMailAddress>  </contact>

</dataset>

<additionalMetadata>
  <metadata>
    <gbif>
        <dateStamp>2016-01-07T01:52:44.844+01:00</dateStamp>
        <citation>GBIF-Sweden: Zoology (Museum of Evolution - Uppsala)</citation>
    </gbif>
  </metadata>
</additionalMetadata>

</eml:eml>
