<eml:eml xmlns:eml="eml://ecoinformatics.org/eml-2.1.1"
         xmlns:xsi="http://www.w3.org/2001/XMLSchema-instance"
         xsi:schemaLocation="eml://ecoinformatics.org/eml-2.1.1 http://rs.gbif.org/schema/eml-gbif-profile/1.0.2/eml.xsd"
         packageId="42749746-3a0c-11e2-b0ce-00145eb45e9a"  system="http://gbif.org" scope="system"
         xml:lang="en">

<dataset>
      <alternateIdentifier system="doi.org">doi:10.15468/tmdppf</alternateIdentifier>
    <alternateIdentifier>8357</alternateIdentifier>
  <title>Ornithologie ZMK</title>
<creator>
</creator>
<metadataProvider>
</metadataProvider>
<associatedParty>
    <address>
    </address>
    <role>ADMINISTRATIVE_POINT_OF_CONTACT</role>
</associatedParty>
<associatedParty>
    <address>
<deliveryPoint>Senckenberg, Senckenberganlage 25, D-60325 Frankfurt am Main, Germany</deliveryPoint>    </address>
<electronicMailAddress>info_sesam@senckenberg.de</electronicMailAddress>    <role>TECHNICAL_POINT_OF_CONTACT</role>
</associatedParty>
<language>en</language>
<abstract>
  <para>Aves</para>
</abstract>
  <distribution scope="document">
    <online>
      <url function="information">http://zmk.sesam.senckenberg.de/</url>
    </online>
  </distribution>
  <contact>
    <address>
    </address>
  </contact>

</dataset>

<additionalMetadata>
  <metadata>
    <gbif>
        <dateStamp>2016-01-28T04:37:32.163+01:00</dateStamp>
        <citation>Senckenberg: Ornithologie ZMK</citation>
        <resourceLogoUrl>http://biocase.senckenberg.de/ZMK_Logo.PNG</resourceLogoUrl>
    </gbif>
  </metadata>
</additionalMetadata>

</eml:eml>
