<eml:eml xmlns:eml="eml://ecoinformatics.org/eml-2.1.1"
         xmlns:xsi="http://www.w3.org/2001/XMLSchema-instance"
         xsi:schemaLocation="eml://ecoinformatics.org/eml-2.1.1 http://rs.gbif.org/schema/eml-gbif-profile/1.0.2/eml.xsd"
         packageId="6ac3f774-d9fb-4796-b3e9-92bf6c81c084"  system="http://gbif.org" scope="system"
         xml:lang="en">

<dataset>
      <alternateIdentifier system="doi.org">doi:10.15468/uc1apo</alternateIdentifier>
  <title>naturgucker</title>
<creator>
</creator>
<metadataProvider>
</metadataProvider>
<associatedParty>
    <address>
    </address>
<electronicMailAddress>s.munzinger [at] naturgucker.de</electronicMailAddress>    <role>ADMINISTRATIVE_POINT_OF_CONTACT</role>
</associatedParty>
<associatedParty>
    <address>
    </address>
<electronicMailAddress>s.munzinger [at] naturgucker.de</electronicMailAddress>    <role>TECHNICAL_POINT_OF_CONTACT</role>
</associatedParty>
<language>en</language>
<abstract>
  <para>naturgucker.de / enjoynature.net is a rapidly growing social network with several millions of observations of wild plants and animals, thus naturgucker.de / enjoynature.net supports and promotes nature conservancy. naturgucker.de / enjoynature.net offers nature observers (mainly citizen scientists) a personal data center for their data in which they can pool and manage all their observations and nature photographs for the surrounding region, or even worldwide from their vacations. In addition, beginners can find a myriad of information, such as hundreds of thousands of photographs, up to date distribution maps, tenthousands observation areas with helpful hints, and a strong community in naturgucker.de /enjoaynature.net.</para>
</abstract>
  <contact>
    <address>
    </address>
<electronicMailAddress>s.munzinger [at] naturgucker.de</electronicMailAddress>  </contact>

</dataset>

<additionalMetadata>
  <metadata>
    <gbif>
        <dateStamp>2016-01-28T04:30:10.437+01:00</dateStamp>
        <citation>naturgucker.de: naturgucker</citation>
        <resourceLogoUrl>http://www.naturgucker.de/files/downloads/naturguckerLogo-081206-150dpi-sm.jpg</resourceLogoUrl>
    </gbif>
  </metadata>
</additionalMetadata>

</eml:eml>
