<eml:eml xmlns:eml="eml://ecoinformatics.org/eml-2.1.1"
         xmlns:xsi="http://www.w3.org/2001/XMLSchema-instance"
         xsi:schemaLocation="eml://ecoinformatics.org/eml-2.1.1 http://rs.gbif.org/schema/eml-gbif-profile/1.0.2/eml.xsd"
         packageId="71db3522-f762-11e1-a439-00145eb45e9a"  system="http://gbif.org" scope="system"
         xml:lang="en">

<dataset>
      <alternateIdentifier system="doi.org">doi:10.15468/qrnesa</alternateIdentifier>
    <alternateIdentifier>9131</alternateIdentifier>
  <title>Bird Specimens in the Museum of Nature and Human Activities, Hyogo, Japan</title>
<creator>
</creator>
<metadataProvider>
</metadataProvider>
<associatedParty>
<positionName>Curator</positionName><phone>+81-795-59-2001</phone><electronicMailAddress>naendou@hitohaku.jp</electronicMailAddress></associatedParty>
<associatedParty>
<positionName>Director</positionName><phone>+81-795-59-2001</phone><electronicMailAddress>root@hitohaku.jp</electronicMailAddress></associatedParty>
<language>en</language>
<abstract>
  <para>Bird Specimens deposited in the Museum of Nature and Human Activities, Hyogo, Japan</para>
</abstract>
  <distribution scope="document">
    <online>
      <url function="information">http://www.hitohaku.jp/english/index.html</url>
    </online>
  </distribution>

</dataset>

<additionalMetadata>
  <metadata>
    <gbif>
        <dateStamp>2015-05-13T06:57:09.947+02:00</dateStamp>
        <citation>National Museum of Nature and Science, Japan: Bird Specimens in the Museum of Nature and Human Activities, Hyogo, Japan</citation>
    </gbif>
  </metadata>
</additionalMetadata>

</eml:eml>
