<eml:eml xmlns:eml="eml://ecoinformatics.org/eml-2.1.1"
         xmlns:xsi="http://www.w3.org/2001/XMLSchema-instance"
         xsi:schemaLocation="eml://ecoinformatics.org/eml-2.1.1 http://rs.gbif.org/schema/eml-gbif-profile/1.0.2/eml.xsd"
         packageId="7d8ed137-1d30-42f1-8b78-12a4957e4690"  system="http://gbif.org" scope="system"
         xml:lang="en">

<dataset>
      <alternateIdentifier system="doi.org">doi:10.15468/zyqkbl</alternateIdentifier>
  <title>SysTax -  Zoological Collections</title>
<creator>
</creator>
<metadataProvider>
</metadataProvider>
<associatedParty>
    <address>
<deliveryPoint>Institute of Systematic Botany and Ecology, University of Ulm, Albert-Einstein-Allee 11, 89081 Ulm, Germany</deliveryPoint>    </address>
<phone>+497315022703</phone><electronicMailAddress>juergen.hoppe@uni-ulm.de</electronicMailAddress>    <role>ADMINISTRATIVE_POINT_OF_CONTACT</role>
</associatedParty>
<associatedParty>
    <address>
<deliveryPoint>Institute of Systematic Botany and Ecology, University of Ulm, Albert-Einstein-Allee 11, 89081 Ulm, Germany</deliveryPoint>    </address>
<phone>+497315022703</phone><electronicMailAddress>juergen.hoppe@uni-ulm.de</electronicMailAddress>    <role>TECHNICAL_POINT_OF_CONTACT</role>
</associatedParty>
<language>en</language>
<abstract>
  <para>a Database System for Systematics and Taxonomy</para>
</abstract>
  <distribution scope="document">
    <online>
      <url function="information">http://www.systax.org/</url>
    </online>
  </distribution>
  <contact>
    <address>
<deliveryPoint>Institute of Systematic Botany and Ecology, University of Ulm, Albert-Einstein-Allee 11, 89081 Ulm, Germany</deliveryPoint>    </address>
<phone>+497315022703</phone><electronicMailAddress>juergen.hoppe@uni-ulm.de</electronicMailAddress>  </contact>

</dataset>

<additionalMetadata>
  <metadata>
    <gbif>
        <dateStamp>2015-05-13T11:45:42.346+02:00</dateStamp>
        <citation>SysTax: SysTax -  Zoological Collections</citation>
    </gbif>
  </metadata>
</additionalMetadata>

</eml:eml>
