<eml:eml xmlns:eml="eml://ecoinformatics.org/eml-2.1.1"
         xmlns:xsi="http://www.w3.org/2001/XMLSchema-instance"
         xsi:schemaLocation="eml://ecoinformatics.org/eml-2.1.1 http://rs.gbif.org/schema/eml-gbif-profile/1.0.2/eml.xsd"
         packageId="82cb293c-f762-11e1-a439-00145eb45e9a"  system="http://gbif.org" scope="system"
         xml:lang="en">

<dataset>
      <alternateIdentifier system="doi.org">doi:10.15468/dml1pk</alternateIdentifier>
    <alternateIdentifier>44</alternateIdentifier>
  <title>Great Backyard Bird Count</title>
<creator>
</creator>
<metadataProvider>
</metadataProvider>
<associatedParty>
<electronicMailAddress>tpl10@cornell.edu</electronicMailAddress></associatedParty>
<associatedParty>
<electronicMailAddress>stk2@cornell.edu</electronicMailAddress></associatedParty>
<language>en</language>
<abstract>
  <para>The Great Backyard Bird Count (GBBC) is a late winter weekend survey of bird populations across the United States and Canada. Developed by the Cornell Lab of Ornithology and Audubon, the GBBC engages tens of thousands of participants. Data is collected with postal code or town geographical resolution. Started in 1998, the GBBC provides a place-based characterization of a given area through a checklist of birds observed at that location. Presently, GBBC collects approximately 50 thousand checklists annually during a 4-day period in mid-February.</para>
</abstract>
  <intellectualRights>
    <para>These data are made available through the Avian Knowledge Network, a National Science Foundation funded project of the Cornell Lab of Ornithology and Department of Computer Science at Cornell University. No warranty either expressed or implied is made regarding the accuracy of these data.</para>
  </intellectualRights>
  <distribution scope="document">
    <online>
      <url function="information">http://www.birdsource.org/gbbc/</url>
    </online>
  </distribution>

</dataset>

<additionalMetadata>
  <metadata>
    <gbif>
        <dateStamp>2015-05-13T07:07:53.381+02:00</dateStamp>
        <citation>Avian Knowledge Network, Cornell Lab of Ornithology</citation>
    </gbif>
  </metadata>
</additionalMetadata>

</eml:eml>
