<eml:eml xmlns:eml="eml://ecoinformatics.org/eml-2.1.1"
         xmlns:xsi="http://www.w3.org/2001/XMLSchema-instance"
         xsi:schemaLocation="eml://ecoinformatics.org/eml-2.1.1 http://rs.gbif.org/schema/eml-gbif-profile/1.0.2/eml.xsd"
         packageId="84829fe4-f762-11e1-a439-00145eb45e9a"  system="http://gbif.org" scope="system"
         xml:lang="en">

<dataset>
      <alternateIdentifier system="doi.org">doi:10.15468/d90jm5</alternateIdentifier>
    <alternateIdentifier>571</alternateIdentifier>
  <title>Bird specimens</title>
<creator>
</creator>
<metadataProvider>
</metadataProvider>
<associatedParty>
<electronicMailAddress>najames@lsu.edu</electronicMailAddress>    <role>ADMINISTRATIVE_POINT_OF_CONTACT</role>
</associatedParty>
<associatedParty>
<electronicMailAddress>scardif@lsu.edu</electronicMailAddress>    <role>ADMINISTRATIVE_POINT_OF_CONTACT</role>
</associatedParty>
<associatedParty>
<phone>+01 225 578 7272</phone><electronicMailAddress>agonce1@lsu.edu</electronicMailAddress>    <role>TECHNICAL_POINT_OF_CONTACT</role>
</associatedParty>
<language>en</language>
<abstract>
  <para>Specimen data for birds.</para>
</abstract>
  <intellectualRights>
    <para>LSUMZ data records may be used by individual researchers or research groups, but they may not be repackaged, resold, or redistributed in any form without the express written consent of a curatorial staff member of the LSU Museum of Natural Science. If any of these records are used in an analysis or report, the provenance of the original data must be acknowledged and the LSU Museum of Natural Science notified. The Museum of Natural Science Zoology and its staff are not responsible for damages, injury or loss due to the use of these data.</para>
  </intellectualRights>
  <distribution scope="document">
    <online>
      <url function="information">http://appl003.lsu.edu/natsci/lmns.nsf/$Content/Ornithology?OpenDocument</url>
    </online>
  </distribution>
  <contact>
<electronicMailAddress>najames@lsu.edu</electronicMailAddress>  </contact>

</dataset>

<additionalMetadata>
  <metadata>
    <gbif>
        <dateStamp>2015-05-13T07:10:00.259+02:00</dateStamp>
        <citation>LSUMZ Bird Collection</citation>
    </gbif>
  </metadata>
</additionalMetadata>

</eml:eml>
