<eml:eml xmlns:eml="eml://ecoinformatics.org/eml-2.1.1"
         xmlns:xsi="http://www.w3.org/2001/XMLSchema-instance"
         xsi:schemaLocation="eml://ecoinformatics.org/eml-2.1.1 http://rs.gbif.org/schema/eml-gbif-profile/1.0.2/eml.xsd"
         packageId="85877766-f762-11e1-a439-00145eb45e9a"  system="http://gbif.org" scope="system"
         xml:lang="en">

<dataset>
      <alternateIdentifier system="doi.org">doi:10.15468/k7okvx</alternateIdentifier>
    <alternateIdentifier>1435</alternateIdentifier>
  <title>Banc de dades de biodiversitat de Catalunya-VerteCat</title>
<creator>
</creator>
<metadataProvider>
</metadataProvider>
<associatedParty>
<electronicMailAddress>xfont@ub.edu</electronicMailAddress>    <role>POINT_OF_CONTACT</role>
</associatedParty>
<associatedParty>
<phone>00 34 934021474</phone><electronicMailAddress>xfont@ub.edu</electronicMailAddress>    <role>POINT_OF_CONTACT</role>
</associatedParty>
<language>en</language>
<abstract>
  <para>The Biodiversity Data Bank wants to be a compilation of all Catalonia biodiversity information. It is developed by the computerisation of all Catalonia species available records.  The record computerisation is completed by supplementary data, like biology, distribution, ecology, etc. The aim in project is to know and to compile the maximum number of bibliographic records about Catalonia biodiversity. This records are the information source of the Data Bank. This knowledges will allow us to know, moreover the distribution species and biological data, its conservation status and degrees of threat, rareness, endemicity, etc.</para>
</abstract>
  <intellectualRights>
    <para>The use of the data is allowed only for non-profit scientific use and for non-profit nature conservation purpose. No part of this data base may be copied or reproduced without written permission from the legal owner. The Intellectual Property Rights are held by the legal owner or, in case of living persons, by the collector or determinator.</para>
  </intellectualRights>

</dataset>

<additionalMetadata>
  <metadata>
    <gbif>
        <dateStamp>2015-05-13T07:11:02.000+02:00</dateStamp>
        <citation>Banc de dades de biodiversitat de Catalunya: Banc de dades de biodiversitat de Catalunya-VerteCat</citation>
    </gbif>
  </metadata>
</additionalMetadata>

</eml:eml>
