<eml:eml xmlns:eml="eml://ecoinformatics.org/eml-2.1.1"
         xmlns:xsi="http://www.w3.org/2001/XMLSchema-instance"
         xsi:schemaLocation="eml://ecoinformatics.org/eml-2.1.1 http://rs.gbif.org/schema/eml-gbif-profile/1.0.2/eml.xsd"
         packageId="9587f32a-f762-11e1-a439-00145eb45e9a"  system="http://gbif.org" scope="system"
         xml:lang="en">

<dataset>
      <alternateIdentifier system="doi.org">doi:10.15468/g4exdl</alternateIdentifier>
    <alternateIdentifier>7856</alternateIdentifier>
  <title>New Mexico Biodiversity Collections Consortium database</title>
<creator>
</creator>
<metadataProvider>
</metadataProvider>
<associatedParty>
<positionName>Information Coordinator</positionName><phone>001-505-277-3822 ext. 225 (GMT -7)</phone><electronicMailAddress>rayo@unm.edu</electronicMailAddress>    <role>ADMINISTRATIVE_POINT_OF_CONTACT</role>
</associatedParty>
<language>en</language>
<abstract>
  <para>Specimen data from a consortium of museum collections in New Mexico, USA. All specimens were collected in New Mexico.</para>
</abstract>
  <intellectualRights>
    <para>NMBCC data records may be used by individual researchers or research groups, but they may not be repackaged, resold, or redistributed in any form without the written consent of the curator of the collection. If any of these records are used in an analysis or report, the provenance of the original data must be acknowledged and NMBCC notified. NMBCC and its staff are not responsible for damages, injury, or loss due to the use of these data.</para>
  </intellectualRights>
  <distribution scope="document">
    <online>
      <url function="information">http://nmbiodiversity.org/</url>
    </online>
  </distribution>
  <contact>
<positionName>Information Coordinator</positionName><phone>001-505-277-3822 ext. 225 (GMT -7)</phone><electronicMailAddress>rayo@unm.edu</electronicMailAddress>  </contact>

</dataset>

<additionalMetadata>
  <metadata>
    <gbif>
        <dateStamp>2015-05-13T06:59:24.646+02:00</dateStamp>
        <citation>New Mexico Biodiversity Collections Consortium internet accessible database, provided through DiGIR protocol.</citation>
    </gbif>
  </metadata>
</additionalMetadata>

</eml:eml>
