<eml:eml xmlns:eml="eml://ecoinformatics.org/eml-2.1.1"
         xmlns:xsi="http://www.w3.org/2001/XMLSchema-instance"
         xsi:schemaLocation="eml://ecoinformatics.org/eml-2.1.1 http://rs.gbif.org/schema/eml-gbif-profile/1.0.2/eml.xsd"
         packageId="9f17221a-195b-4005-8773-683fcdf559e8"  system="http://gbif.org" scope="system"
         xml:lang="es">

<dataset>
      <alternateIdentifier system="doi.org">doi:10.15468/w4svvx</alternateIdentifier>
    <alternateIdentifier>11292</alternateIdentifier>
  <title>Colección Nacional de Ornitología - Museo Argentino de Ciencias Naturales &apos;Bernardino Rivadavia&apos;</title>
<creator>
</creator>
<metadataProvider>
</metadataProvider>
<associatedParty>
<positionName>data administrator</positionName><phone>(5411) 4982-0306 / 1154 / 5243 / 4494</phone><electronicMailAddress>pltubaro@gmail.com</electronicMailAddress></associatedParty>
<language>en</language>
<abstract>
  <para>Database of the collection of Ornitology contains records mainly of the orders Passeriformes, Charadriformes, and Anseriformes from Argentina. Other bird orders and countries are represented by fewer records.</para>
</abstract>
  <distribution scope="document">
    <online>
      <url function="information">http://168.96.62.13/tapirlink/tapir.php/macnor</url>
    </online>
  </distribution>

</dataset>

<additionalMetadata>
  <metadata>
    <gbif>
        <dateStamp>2016-01-28T04:36:27.961+01:00</dateStamp>
        <citation>Museo Argentino de Ciencias Naturales: Colección Nacional de Ornitología - Museo Argentino de Ciencias Naturales &apos;Bernardino Rivadavia&apos;</citation>
    </gbif>
  </metadata>
</additionalMetadata>

</eml:eml>
