<eml:eml xmlns:eml="eml://ecoinformatics.org/eml-2.1.1"
         xmlns:xsi="http://www.w3.org/2001/XMLSchema-instance"
         xsi:schemaLocation="eml://ecoinformatics.org/eml-2.1.1 http://rs.gbif.org/schema/eml-gbif-profile/1.0.2/eml.xsd"
         packageId="ad43e954-dd79-4986-ae34-9ccdbd8bf568"  system="http://gbif.org" scope="system"
         xml:lang="en">

<dataset>
      <alternateIdentifier system="doi.org">doi:10.15468/cndomv</alternateIdentifier>
  <title>Geographically tagged INSDC sequences</title>
<creator>
<organizationName>European Bioinformatics Institute (EMBL-EBI)</organizationName><electronicMailAddress>datasubs@ebi.ac.uk</electronicMailAddress><onlineUrl>http://www.ebi.ac.uk</onlineUrl></creator>
<metadataProvider>
<organizationName>European Bioinformatics Institute (EMBL-EBI)</organizationName><electronicMailAddress>datasubs@ebi.ac.uk</electronicMailAddress><onlineUrl>http://www.ebi.ac.uk</onlineUrl></metadataProvider>
<associatedParty>
<organizationName>DNA Data Bank of Japan (DDBJ)</organizationName><onlineUrl>http://www.ddbj.nig.ac.jp</onlineUrl>    <role>ADMINISTRATIVE_POINT_OF_CONTACT</role>
</associatedParty>
<associatedParty>
<organizationName>National Center for Biotechnology Information (NCBI)</organizationName><onlineUrl>http://http://www.ncbi.nlm.nih.gov</onlineUrl>    <role>ADMINISTRATIVE_POINT_OF_CONTACT</role>
</associatedParty>
<pubDate>
        2014-08-27
</pubDate>
<language>ENGLISH</language>
<abstract>
  <para>Metadata for INSDC sequences that have been geographically tagged.</para>
</abstract>
  <contact>
<organizationName>European Bioinformatics Institute (EMBL-EBI)</organizationName><electronicMailAddress>datasubs@ebi.ac.uk</electronicMailAddress><onlineUrl>http://www.ebi.ac.uk</onlineUrl>  </contact>

</dataset>

<additionalMetadata>
  <metadata>
    <gbif>
        <dateStamp>2015-07-29T02:47:23.387+02:00</dateStamp>
        <citation>European Molecular Biology Laboratory (EMBL): Geographically tagged INSDC sequences</citation>
    </gbif>
  </metadata>
</additionalMetadata>

</eml:eml>
