<eml:eml xmlns:eml="eml://ecoinformatics.org/eml-2.1.1"
         xmlns:xsi="http://www.w3.org/2001/XMLSchema-instance"
         xsi:schemaLocation="eml://ecoinformatics.org/eml-2.1.1 http://rs.gbif.org/schema/eml-gbif-profile/1.0.2/eml.xsd"
         packageId="ad9599c0-16f7-11df-b5b3-b8a03c50a862"  system="http://gbif.org" scope="system"
         xml:lang="es">

<dataset>
      <alternateIdentifier system="doi.org">doi:10.15468/kys66h</alternateIdentifier>
    <alternateIdentifier>10869</alternateIdentifier>
  <title>Registros biológicos  en áreas protegidas obtenidos de documentos impresos</title>
<creator>
</creator>
<metadataProvider>
</metadataProvider>
<associatedParty>
<positionName>[data administrator, system administrator]</positionName><electronicMailAddress>mgross@apn.gov.ar</electronicMailAddress></associatedParty>
<language>en</language>
<abstract>
  <para>Registros de especies de todos los reinos, localizadas en áreas protegidas, obtenidos de publicaciones, informes técnicos, comunicaciones personales, etc.</para>
</abstract>
  <distribution scope="document">
    <online>
      <url function="information">http://www.sib.gov.ar/tapirlink-0.7.0/www/tapir.php/APN-DOCUMENTOS</url>
    </online>
  </distribution>

</dataset>

<additionalMetadata>
  <metadata>
    <gbif>
        <dateStamp>2015-05-13T06:56:01.013+02:00</dateStamp>
        <citation>Administración de Parques Nacionales, Argentina: Registros biológicos  en áreas protegidas obtenidos de documentos impresos</citation>
    </gbif>
  </metadata>
</additionalMetadata>

</eml:eml>
