<eml:eml xmlns:eml="eml://ecoinformatics.org/eml-2.1.1"
         xmlns:xsi="http://www.w3.org/2001/XMLSchema-instance"
         xsi:schemaLocation="eml://ecoinformatics.org/eml-2.1.1 http://rs.gbif.org/schema/eml-gbif-profile/1.0.2/eml.xsd"
         packageId="aea3a96a-3580-11e2-918b-00145eb45e9a"  system="http://gbif.org" scope="system"
         xml:lang="en">

<dataset>
      <alternateIdentifier system="doi.org">doi:10.15468/zscvs5</alternateIdentifier>
    <alternateIdentifier>14040</alternateIdentifier>
  <title>Fieldjournal.org observation database</title>
<creator>
</creator>
<metadataProvider>
</metadataProvider>
<associatedParty>
<electronicMailAddress>tapani.lahti@helsinki.fi</electronicMailAddress>    <role>TECHNICAL_POINT_OF_CONTACT</role>
</associatedParty>
<language>en</language>
<abstract>
  <para></para>
</abstract>

</dataset>

<additionalMetadata>
  <metadata>
    <gbif>
        <dateStamp>2015-05-13T11:51:56.445+02:00</dateStamp>
        <citation>Finnish Museum of Natural History: Fieldjournal.org observation database</citation>
    </gbif>
  </metadata>
</additionalMetadata>

</eml:eml>
