<eml:eml xmlns:eml="eml://ecoinformatics.org/eml-2.1.1"
         xmlns:xsi="http://www.w3.org/2001/XMLSchema-instance"
         xsi:schemaLocation="eml://ecoinformatics.org/eml-2.1.1 http://rs.gbif.org/schema/eml-gbif-profile/1.0.2/eml.xsd"
         packageId="b7ec1bf8-819b-11e2-bad2-00145eb45e9a"  system="http://gbif.org" scope="system"
         xml:lang="en">

<dataset>
      <alternateIdentifier system="doi.org">doi:10.15468/0bpalr</alternateIdentifier>
    <alternateIdentifier>14719</alternateIdentifier>
  <title>Animal Sound Archive</title>
<creator>
</creator>
<metadataProvider>
</metadataProvider>
<associatedParty>
    <address>
<deliveryPoint>Museum fuer Naturkunde Berlin, Tierstimmenarchiv, Invalidenstraße 43, D-10155 Berlin, Germany</deliveryPoint>    </address>
<electronicMailAddress>karl-heinz.frommolt@mfn-berlin.de</electronicMailAddress>    <role>ADMINISTRATIVE_POINT_OF_CONTACT</role>
</associatedParty>
<associatedParty>
    <address>
<deliveryPoint>Museum fuer Naturkunde Berlin, Tierstimmenarchiv, Invalidenstraße 43, D-10155 Berlin, Germany</deliveryPoint>    </address>
<electronicMailAddress>karl-heinz.frommolt@mfn-berlin.de</electronicMailAddress>    <role>TECHNICAL_POINT_OF_CONTACT</role>
</associatedParty>
<language>en</language>
<abstract>
  <para>The Animal Sound Archive at the Museum fuer Naturkunde Berlin (German: Tierstimmenarchiv) is one of the oldest and largest worldwide. Founded in 1951 by Professor Guenter Tembrock the collection consists now of around 130 000 records of animal voices.</para>
</abstract>
  <intellectualRights>
    <para>CC Licenses (see records)</para>
  </intellectualRights>
  <contact>
    <address>
<deliveryPoint>Museum fuer Naturkunde Berlin, Tierstimmenarchiv, Invalidenstraße 43, D-10155 Berlin, Germany</deliveryPoint>    </address>
<electronicMailAddress>karl-heinz.frommolt@mfn-berlin.de</electronicMailAddress>  </contact>

</dataset>

<additionalMetadata>
  <metadata>
    <gbif>
        <dateStamp>2016-01-28T04:41:09.659+01:00</dateStamp>
        <citation>Museum für Naturkunde Berlin: Animal Sound Archive</citation>
    </gbif>
  </metadata>
</additionalMetadata>

</eml:eml>
