<eml:eml xmlns:eml="eml://ecoinformatics.org/eml-2.1.1"
         xmlns:xsi="http://www.w3.org/2001/XMLSchema-instance"
         xsi:schemaLocation="eml://ecoinformatics.org/eml-2.1.1 http://rs.gbif.org/schema/eml-gbif-profile/1.0.2/eml.xsd"
         packageId="e6c97f6e-e952-11e2-961f-00145eb45e9a"  system="http://gbif.org" scope="system"
         xml:lang="en">

<dataset>
      <alternateIdentifier system="doi.org">doi:10.15468/ee6ps6</alternateIdentifier>
    <alternateIdentifier>15040</alternateIdentifier>
  <title>Anymals+plants - Citizen Science Data</title>
<creator>
</creator>
<metadataProvider>
</metadataProvider>
<associatedParty>
    <address>
    </address>
<electronicMailAddress>daniel@anymals.org</electronicMailAddress>    <role>ADMINISTRATIVE_POINT_OF_CONTACT</role>
</associatedParty>
<associatedParty>
    <address>
    </address>
<electronicMailAddress>info@anymals.org</electronicMailAddress>    <role>TECHNICAL_POINT_OF_CONTACT</role>
</associatedParty>
<language>en</language>
<abstract>
  <para></para>
</abstract>
  <intellectualRights>
    <para>(see website)</para>
  </intellectualRights>
  <contact>
    <address>
    </address>
<electronicMailAddress>daniel@anymals.org</electronicMailAddress>  </contact>

</dataset>

<additionalMetadata>
  <metadata>
    <gbif>
        <dateStamp>2016-01-28T04:41:20.237+01:00</dateStamp>
        <citation>(see website)</citation>
    </gbif>
  </metadata>
</additionalMetadata>

</eml:eml>
