<eml:eml xmlns:eml="eml://ecoinformatics.org/eml-2.1.1"
         xmlns:xsi="http://www.w3.org/2001/XMLSchema-instance"
         xsi:schemaLocation="eml://ecoinformatics.org/eml-2.1.1 http://rs.gbif.org/schema/eml-gbif-profile/1.0.2/eml.xsd"
         packageId="e707e6da-e143-445d-b41d-529c4a777e8b"  system="http://gbif.org" scope="system"
         xml:lang="en">

<dataset>
      <alternateIdentifier system="doi.org">doi:10.15468/ab4vwo</alternateIdentifier>
    <alternateIdentifier>11927</alternateIdentifier>
  <title>Suffolk Biological Records Centre - Suffolk Biological Records Centre (SBRC) dataset</title>
<creator>
</creator>
<metadataProvider>
</metadataProvider>
<language>en</language>
<abstract>
  <para>NBN Gateway Dataset GA000623</para>
</abstract>
  <distribution scope="document">
    <online>
      <url function="information">http://data.nbn.org.uk/datasetInfo/taxonDataset.jsp?dsKey=GA000623</url>
    </online>
  </distribution>

</dataset>

<additionalMetadata>
  <metadata>
    <gbif>
        <dateStamp>2015-05-13T12:00:45.549+02:00</dateStamp>
        <citation>UK National Biodiversity Network: Suffolk Biological Records Centre - Suffolk Biological Records Centre (SBRC) dataset</citation>
    </gbif>
  </metadata>
</additionalMetadata>

</eml:eml>
