<eml:eml xmlns:eml="eml://ecoinformatics.org/eml-2.1.1"
         xmlns:xsi="http://www.w3.org/2001/XMLSchema-instance"
         xsi:schemaLocation="eml://ecoinformatics.org/eml-2.1.1 http://rs.gbif.org/schema/eml-gbif-profile/1.0.2/eml.xsd"
         packageId="fdf5cc60-9fcc-11da-a90c-b8a03c50a862"  system="http://gbif.org" scope="system"
         xml:lang="en">

<dataset>
      <alternateIdentifier system="doi.org">doi:10.15468/go0am7</alternateIdentifier>
    <alternateIdentifier>1450</alternateIdentifier>
  <title>Bird Collection of Museum and Institute of Zoology PAS</title>
<creator>
</creator>
<metadataProvider>
</metadataProvider>
<language>en</language>
<abstract>
  <para>The Database of Aves includes information about specimens which are preserved in the Zoological Collection MIZ. Material was collected worldwide, identified to species level. Database includes data on historical materials collected during the expeditions in 19th century, for example by Branicki, Dybowski, Kalinowski, Chrostowski, Sztolzman. Bird collection comprises also type material, extinct and endangered taxa. The collection preserves eggs, mounted specimens and skins.</para>
</abstract>
  <distribution scope="document">
    <online>
      <url function="information">http://tapir.gbif.pl/tapir/tapir.php/pan-miiz-aves</url>
    </online>
  </distribution>

</dataset>

<additionalMetadata>
  <metadata>
    <gbif>
        <dateStamp>2015-05-13T06:56:31.149+02:00</dateStamp>
        <citation>Museum and Institute of Zoology, Polish Academy of Sciences: Bird Collection of Museum and Institute of Zoology PAS</citation>
    </gbif>
  </metadata>
</additionalMetadata>

</eml:eml>
